{
   "Lens offset X" : -0.2843269109725952,
   "Lens offset Y" : 0.05038315057754517,
   "Resolution height" : 768.0,
   "Resolution width" : 1024.0,
   "Rotation X" : 13.52408504486084,
   "Rotation Y" : -12.67303371429443,
   "Rotation Z" : -2.272457838058472,
   "Throw ratio X" : 1.820851802825928,
   "Throw ratio Y" : 2.444917917251587,
   "Translation X" : 0.4398477971553803,
   "Translation Y" : 0.06376798450946808,
   "Translation Z" : 0.3691127598285675
}
